#,Name,Type 1,Type 2,Total,HP,Attack,Defense,Sp. Atk,Sp. Def,Speed,Generation,Legendary,Offense
1,Bulbasaur,Grass,Poison,318,45,49,309,65,65,45,1,False,114
2,Ivysaur,Grass,Poison,405,60,62,383,80,80,60,1,False,142
3,Venusaur,Grass,Poison,525,80,82,483,100,100,80,1,False,182
4,Charmander,Fire,Nothing,309,39,52,243,60,50,65,1,False,112
5,Charmeleon,Fire,Nothing,405,58,64,318,80,65,80,1,False,144
6,Charizard,Fire,Flying,534,78,84,418,109,85,100,1,False,193
7,Squirtle,Water,Nothing,314,44,48,321,50,64,43,1,False,98
8,Wartortle,Water,Nothing,405,59,63,400,65,80,58,1,False,128
9,Blastoise,Water,Nothing,530,79,83,520,85,105,78,1,False,168
10,Caterpie,Bug,Nothing,195,45,30,115,20,20,45,1,False,50
11,Metapod,Bug,Nothing,205,50,20,155,25,25,30,1,False,45
12,Butterfree,Bug,Flying,395,60,45,370,90,80,70,1,False,135
13,Weedle,Bug,Poison,195,40,35,110,20,20,50,1,False,55
14,Kakuna,Bug,Poison,205,45,25,150,25,25,35,1,False,50
15,Beedrill,Bug,Poison,395,65,90,360,45,80,75,1,False,135
16,Pidgey,Normal,Flying,251,40,45,180,35,35,56,1,False,80
17,Pidgeotto,Normal,Flying,349,63,60,255,50,50,71,1,False,110
18,Pidgeot,Normal,Flying,479,83,80,355,70,70,101,1,False,150
19,Rattata,Normal,Nothing,253,30,56,175,25,35,72,1,False,81
20,Raticate,Normal,Nothing,413,55,81,340,50,70,97,1,False,131
21,Spearow,Normal,Flying,262,40,60,154,31,31,70,1,False,91
22,Fearow,Normal,Flying,442,65,90,309,61,61,100,1,False,151
23,Ekans,Poison,Nothing,288,35,60,260,40,54,55,1,False,100
24,Arbok,Poison,Nothing,438,60,85,385,65,79,80,1,False,150
25,Pikachu,Electric,Nothing,320,35,55,240,50,50,90,1,False,105
26,Raichu,Electric,Nothing,485,60,90,375,90,80,110,1,False,180
27,Sandshrew,Ground,Nothing,300,50,75,205,20,30,40,1,False,95
28,Sandslash,Ground,Nothing,450,75,100,330,45,55,65,1,False,145
29,Nidoran♀,Poison,Nothing,275,55,47,212,40,40,41,1,False,87
30,Nidorina,Poison,Nothing,365,70,62,287,55,55,56,1,False,117
31,Nidoqueen,Poison,Ground,505,90,92,427,75,85,76,1,False,167
32,Nidoran♂,Poison,Nothing,273,46,57,200,40,40,50,1,False,97
33,Nidorino,Poison,Nothing,365,61,72,277,55,55,65,1,False,127
34,Nidoking,Poison,Ground,505,81,102,377,85,75,85,1,False,187
35,Clefairy,Fairy,Nothing,323,70,45,308,60,65,35,1,False,105
36,Clefable,Fairy,Nothing,483,95,70,433,95,90,60,1,False,165
37,Vulpix,Fire,Nothing,299,38,41,300,50,65,65,1,False,91
38,Ninetales,Fire,Nothing,505,73,76,475,81,100,100,1,False,157
39,Jigglypuff,Normal,Fairy,270,115,45,120,45,25,20,1,False,90
40,Wigglytuff,Normal,Fairy,435,140,70,245,85,50,45,1,False,155
41,Zubat,Poison,Flying,245,40,45,195,30,40,55,1,False,75
42,Golbat,Poison,Flying,455,75,80,370,65,75,90,1,False,145
43,Oddish,Grass,Poison,320,45,50,315,75,65,30,1,False,125
44,Gloom,Grass,Poison,395,60,65,370,85,75,40,1,False,150
45,Vileplume,Grass,Poison,490,75,80,445,110,90,50,1,False,190
46,Paras,Bug,Grass,285,35,70,275,45,55,25,1,False,115
47,Parasect,Bug,Grass,405,60,95,400,60,80,30,1,False,155
48,Venonat,Bug,Poison,305,60,55,270,40,55,45,1,False,95
49,Venomoth,Bug,Poison,450,70,65,360,90,75,90,1,False,155
50,Diglett,Ground,Nothing,265,10,55,205,35,45,95,1,False,90
51,Dugtrio,Ground,Nothing,405,35,80,330,50,70,120,1,False,130
52,Meowth,Normal,Nothing,290,40,45,195,40,40,90,1,False,85
53,Persian,Normal,Nothing,440,65,70,320,65,65,115,1,False,135
54,Psyduck,Water,Nothing,320,50,52,248,65,50,55,1,False,117
55,Golduck,Water,Nothing,500,80,82,398,95,80,85,1,False,177
56,Mankey,Fighting,Nothing,305,40,80,215,35,45,70,1,False,115
57,Primeape,Fighting,Nothing,455,65,105,340,60,70,95,1,False,165
58,Growlithe,Fire,Nothing,350,55,70,245,70,50,60,1,False,140
59,Arcanine,Fire,Nothing,555,90,110,400,100,80,95,1,False,210
60,Poliwag,Water,Nothing,300,40,50,200,40,40,90,1,False,90
61,Poliwhirl,Water,Nothing,385,65,65,265,50,50,90,1,False,115
62,Poliwrath,Water,Fighting,510,90,95,455,70,90,70,1,False,165
63,Abra,Psychic,Nothing,310,25,20,235,105,55,90,1,False,125
64,Kadabra,Psychic,Nothing,400,40,35,310,120,70,105,1,False,155
65,Alakazam,Psychic,Nothing,500,55,50,425,135,95,120,1,False,185
66,Machop,Fighting,Nothing,305,70,80,190,35,35,35,1,False,115
67,Machoke,Fighting,Nothing,405,80,100,310,50,60,45,1,False,150
68,Machamp,Fighting,Nothing,505,90,130,420,65,85,55,1,False,195
69,Bellsprout,Grass,Poison,300,50,75,155,70,30,40,1,False,145
70,Weepinbell,Grass,Poison,390,65,90,230,85,45,55,1,False,175
71,Victreebel,Grass,Poison,490,80,105,345,100,70,70,1,False,205
72,Tentacool,Water,Poison,335,40,40,435,50,100,70,1,False,90
73,Tentacruel,Water,Poison,515,80,70,545,80,120,100,1,False,150
74,Geodude,Rock,Ground,300,40,80,220,30,30,20,1,False,110
75,Graveler,Rock,Ground,390,55,95,295,45,45,35,1,False,140
76,Golem,Rock,Ground,495,80,120,390,55,65,45,1,False,175
77,Ponyta,Fire,Nothing,410,50,85,315,65,65,90,1,False,150
78,Rapidash,Fire,Nothing,500,65,100,390,80,80,105,1,False,180
79,Slowpoke,Water,Psychic,315,90,65,225,40,40,15,1,False,105
80,Slowbro,Water,Psychic,490,95,75,430,100,80,30,1,False,175
81,Magnemite,Electric,Steel,325,25,35,290,95,55,45,1,False,130
82,Magneton,Electric,Steel,465,50,60,375,120,70,70,1,False,180
83,Farfetch'd,Normal,Flying,352,52,65,303,58,62,60,1,False,123
84,Doduo,Normal,Flying,310,35,85,185,35,35,75,1,False,120
85,Dodrio,Normal,Flying,460,60,110,310,60,60,100,1,False,170
86,Seel,Water,Nothing,325,65,45,335,45,70,45,1,False,90
87,Dewgong,Water,Ice,475,90,70,460,70,95,70,1,False,140
88,Grimer,Poison,Nothing,325,80,80,250,40,50,25,1,False,120
89,Muk,Poison,Nothing,500,105,105,475,65,100,50,1,False,170
90,Shellder,Water,Nothing,305,30,65,200,45,25,40,1,False,110
91,Cloyster,Water,Ice,525,50,95,360,85,45,70,1,False,180
92,Gastly,Ghost,Poison,310,30,35,170,100,35,80,1,False,135
93,Haunter,Ghost,Poison,405,45,50,265,115,55,95,1,False,165
94,Gengar,Ghost,Poison,500,60,65,360,130,75,110,1,False,195
95,Onix,Rock,Ground,385,35,45,340,30,45,70,1,False,75
96,Drowzee,Psychic,Nothing,328,60,48,405,43,90,42,1,False,91
97,Hypno,Psychic,Nothing,483,85,73,530,73,115,67,1,False,146
98,Krabby,Water,Nothing,325,30,105,190,25,25,50,1,False,130
99,Kingler,Water,Nothing,475,55,130,315,50,50,75,1,False,180
100,Voltorb,Electric,Nothing,330,40,30,270,55,55,100,1,False,85
101,Electrode,Electric,Nothing,480,60,50,390,80,80,140,1,False,130
102,Exeggcute,Grass,Psychic,325,60,40,260,60,45,40,1,False,100
103,Exeggutor,Grass,Psychic,520,95,95,345,125,65,55,1,False,220
104,Cubone,Ground,Nothing,320,50,50,295,40,50,35,1,False,90
105,Marowak,Ground,Nothing,425,60,80,430,50,80,45,1,False,130
106,Hitmonlee,Fighting,Nothing,455,50,120,493,35,110,87,1,False,155
107,Hitmonchan,Fighting,Nothing,455,50,105,519,35,110,76,1,False,140
108,Lickitung,Normal,Nothing,385,90,55,375,60,75,30,1,False,115
109,Koffing,Poison,Nothing,340,40,65,275,60,45,35,1,False,125
110,Weezing,Poison,Nothing,490,65,90,400,85,70,60,1,False,175
111,Rhyhorn,Ground,Rock,345,80,85,215,30,30,25,1,False,115
112,Rhydon,Ground,Rock,485,105,130,300,45,45,40,1,False,175
113,Chansey,Normal,Nothing,450,250,5,425,35,105,50,1,False,40
114,Tangela,Grass,Nothing,435,65,55,275,100,40,60,1,False,155
115,Kangaskhan,Normal,Nothing,490,105,95,400,40,80,90,1,False,135
116,Horsea,Water,Nothing,295,30,40,170,70,25,60,1,False,110
117,Seadra,Water,Nothing,440,55,65,275,95,45,85,1,False,160
118,Goldeen,Water,Nothing,320,45,67,260,35,50,63,1,False,102
119,Seaking,Water,Nothing,450,80,92,385,65,80,68,1,False,157
120,Staryu,Water,Nothing,340,30,45,275,70,55,85,1,False,115
121,Starmie,Water,Psychic,520,60,75,425,100,85,115,1,False,175
122,Mr. Mime,Psychic,Fairy,460,40,45,545,100,120,90,1,False,145
123,Scyther,Bug,Flying,500,70,110,400,55,80,105,1,False,165
124,Jynx,Ice,Psychic,455,65,50,415,115,95,95,1,False,165
125,Electabuzz,Electric,Nothing,490,65,83,397,95,85,105,1,False,178
126,Magmar,Fire,Nothing,495,65,95,397,100,85,93,1,False,195
127,Pinsir,Bug,Nothing,500,65,125,380,55,70,85,1,False,180
128,Tauros,Normal,Nothing,490,75,100,375,40,70,110,1,False,140
129,Magikarp,Water,Nothing,200,20,10,135,15,20,80,1,False,25
130,Gyarados,Water,Flying,540,95,125,479,60,100,81,1,False,185
131,Lapras,Water,Ice,535,130,85,460,85,95,60,1,False,170
132,Ditto,Normal,Nothing,288,48,48,240,48,48,48,1,False,96
133,Eevee,Normal,Nothing,325,55,55,310,45,65,55,1,False,100
134,Vaporeon,Water,Nothing,525,130,65,440,110,95,65,1,False,175
135,Jolteon,Electric,Nothing,525,65,65,440,110,95,130,1,False,175
136,Flareon,Fire,Nothing,525,65,130,500,95,110,65,1,False,225
137,Porygon,Normal,Nothing,395,65,60,370,85,75,40,1,False,145
138,Omanyte,Rock,Water,355,35,40,320,90,55,35,1,False,130
139,Omastar,Rock,Water,495,70,60,405,115,70,55,1,False,175
140,Kabuto,Rock,Water,355,30,80,270,55,45,55,1,False,135
141,Kabutops,Rock,Water,495,60,115,385,65,70,80,1,False,180
142,Aerodactyl,Rock,Flying,515,80,105,365,60,75,130,1,False,165
143,Snorlax,Normal,Nothing,540,160,110,505,65,110,30,1,False,175
144,Articuno,Ice,Flying,580,90,85,600,95,125,85,1,True,180
145,Zapdos,Electric,Flying,580,90,90,445,125,90,100,1,True,215
146,Moltres,Fire,Flying,580,90,100,430,125,85,90,1,True,225
147,Dratini,Dragon,Nothing,300,41,64,245,50,50,50,1,False,114
148,Dragonair,Dragon,Nothing,420,61,84,345,70,70,70,1,False,154
149,Dragonite,Dragon,Flying,600,91,134,495,100,100,80,1,False,234
150,Mewtwo,Psychic,Nothing,680,106,110,450,154,90,130,1,True,264
151,Mew,Psychic,Nothing,600,100,100,500,100,100,100,1,False,200
152,Chikorita,Grass,Nothing,318,45,49,325,49,65,45,2,False,98
153,Bayleef,Grass,Nothing,405,60,62,400,63,80,60,2,False,125
154,Meganium,Grass,Nothing,525,80,82,500,83,100,80,2,False,165
155,Cyndaquil,Fire,Nothing,309,39,52,243,60,50,65,2,False,112
156,Quilava,Fire,Nothing,405,58,64,318,80,65,80,2,False,144
157,Typhlosion,Fire,Nothing,534,78,84,418,109,85,100,2,False,193
158,Totodile,Water,Nothing,314,50,65,256,44,48,43,2,False,109
159,Croconaw,Water,Nothing,405,65,80,332,59,63,58,2,False,139
160,Feraligatr,Water,Nothing,530,85,105,432,79,83,78,2,False,184
161,Sentret,Normal,Nothing,215,35,46,214,35,45,20,2,False,81
162,Furret,Normal,Nothing,415,85,76,284,45,55,90,2,False,121
163,Hoothoot,Normal,Flying,262,60,30,254,36,56,50,2,False,66
164,Noctowl,Normal,Flying,442,100,50,434,76,96,70,2,False,126
165,Ledyba,Bug,Flying,265,40,20,350,40,80,55,2,False,60
166,Ledian,Bug,Flying,390,55,35,490,55,110,85,2,False,90
167,Spinarak,Bug,Poison,250,40,60,200,40,40,30,2,False,100
168,Ariados,Bug,Poison,390,70,90,310,60,60,40,2,False,150
169,Crobat,Poison,Flying,535,85,90,400,70,80,130,2,False,160
170,Chinchou,Water,Electric,330,75,38,262,56,56,67,2,False,94
171,Lanturn,Water,Electric,460,125,58,362,76,76,67,2,False,134
172,Pichu,Electric,Nothing,205,20,40,155,35,35,60,2,False,75
173,Cleffa,Fairy,Nothing,218,50,25,248,45,55,15,2,False,70
174,Igglybuff,Normal,Fairy,210,90,30,95,40,20,15,2,False,70
175,Togepi,Fairy,Nothing,245,35,20,325,40,65,20,2,False,60
176,Togetic,Fairy,Flying,405,55,40,505,80,105,40,2,False,120
177,Natu,Psychic,Flying,320,40,50,225,70,45,70,2,False,120
178,Xatu,Psychic,Flying,470,65,75,350,95,70,95,2,False,170
179,Mareep,Electric,Nothing,280,55,40,220,65,45,35,2,False,105
180,Flaaffy,Electric,Nothing,365,70,55,295,80,60,45,2,False,135
181,Ampharos,Electric,Nothing,510,90,75,445,115,90,55,2,False,190
182,Bellossom,Grass,Nothing,490,75,80,495,90,100,50,2,False,170
183,Marill,Water,Fairy,250,70,20,250,20,50,40,2,False,40
184,Azumarill,Water,Fairy,420,100,50,400,60,80,50,2,False,110
185,Sudowoodo,Rock,Nothing,410,70,100,375,30,65,30,2,False,130
186,Politoed,Water,Nothing,500,90,75,475,90,100,70,2,False,165
187,Hoppip,Grass,Flying,250,35,35,260,35,55,50,2,False,70
188,Skiploom,Grass,Flying,340,55,45,310,45,65,80,2,False,90
189,Jumpluff,Grass,Flying,460,75,55,450,55,95,110,2,False,110
190,Aipom,Normal,Nothing,360,55,70,275,40,55,85,2,False,110
191,Sunkern,Grass,Nothing,180,30,30,150,30,30,30,2,False,60
192,Sunflora,Grass,Nothing,425,75,75,395,105,85,30,2,False,180
193,Yanma,Bug,Flying,390,65,65,225,75,45,95,2,False,140
194,Wooper,Water,Ground,210,55,45,145,25,25,15,2,False,70
195,Quagsire,Water,Ground,430,95,85,345,65,65,35,2,False,150
196,Espeon,Psychic,Nothing,525,65,65,440,130,95,110,2,False,195
197,Umbreon,Dark,Nothing,525,95,65,630,60,130,65,2,False,125
198,Murkrow,Dark,Flying,405,60,85,210,85,42,91,2,False,170
199,Slowking,Water,Psychic,490,95,75,520,100,110,30,2,False,175
200,Misdreavus,Ghost,Nothing,435,60,60,400,85,85,85,2,False,145
201,Unown,Psychic,Nothing,336,48,72,240,72,48,48,2,False,144
202,Wobbuffet,Psychic,Nothing,405,190,33,290,33,58,33,2,False,66
203,Girafarig,Normal,Psychic,455,70,80,325,90,65,85,2,False,170
204,Pineco,Bug,Nothing,290,50,65,230,35,35,15,2,False,100
205,Forretress,Bug,Steel,465,75,90,380,60,60,40,2,False,150
206,Dunsparce,Normal,Nothing,415,100,70,330,65,65,45,2,False,135
207,Gligar,Ground,Flying,430,65,75,365,35,65,85,2,False,110
208,Steelix,Steel,Ground,510,75,85,460,55,65,30,2,False,140
209,Snubbull,Fairy,Nothing,300,60,80,210,40,40,30,2,False,120
210,Granbull,Fairy,Nothing,450,90,120,315,60,60,45,2,False,180
211,Qwilfish,Water,Poison,430,65,95,295,55,55,85,2,False,150
212,Scizor,Bug,Steel,500,70,130,420,55,80,65,2,False,185
213,Shuckle,Bug,Rock,505,20,10,1150,10,230,5,2,False,20
214,Heracross,Bug,Fighting,500,80,125,455,40,95,85,2,False,165
215,Sneasel,Dark,Ice,430,55,95,355,35,75,115,2,False,130
216,Teddiursa,Normal,Nothing,330,60,80,250,50,50,40,2,False,130
217,Ursaring,Normal,Nothing,500,90,130,375,75,75,55,2,False,205
218,Slugma,Fire,Nothing,250,40,40,200,70,40,20,2,False,110
219,Magcargo,Fire,Rock,410,50,50,440,80,80,30,2,False,130
220,Swinub,Ice,Ground,250,50,50,160,30,30,50,2,False,80
221,Piloswine,Ice,Ground,450,100,100,320,60,60,50,2,False,160
222,Corsola,Water,Rock,380,55,55,425,65,85,35,2,False,120
223,Remoraid,Water,Nothing,300,35,65,175,65,35,65,2,False,130
224,Octillery,Water,Nothing,480,75,105,375,105,75,45,2,False,210
225,Delibird,Ice,Flying,330,45,55,225,65,45,75,2,False,120
226,Mantine,Water,Flying,465,65,40,630,80,140,70,2,False,120
227,Skarmory,Steel,Flying,465,65,80,420,40,70,70,2,False,120
228,Houndour,Dark,Fire,330,45,60,230,80,50,65,2,False,140
229,Houndoom,Dark,Fire,500,75,90,370,110,80,95,2,False,200
230,Kingdra,Water,Dragon,540,75,95,475,95,95,85,2,False,190
231,Phanpy,Ground,Nothing,330,90,60,220,40,40,40,2,False,100
232,Donphan,Ground,Nothing,500,90,120,360,60,60,50,2,False,180
233,Porygon2,Normal,Nothing,515,85,80,470,105,95,60,2,False,185
234,Stantler,Normal,Nothing,465,73,95,322,85,65,85,2,False,180
235,Smeargle,Normal,Nothing,250,55,20,215,20,45,75,2,False,40
236,Tyrogue,Fighting,Nothing,210,35,35,175,35,35,35,2,False,70
237,Hitmontop,Fighting,Nothing,455,50,95,535,35,110,70,2,False,130
238,Smoochum,Ice,Psychic,305,45,30,275,85,65,65,2,False,115
239,Elekid,Electric,Nothing,360,45,63,257,65,55,95,2,False,128
240,Magby,Fire,Nothing,365,45,75,257,70,55,83,2,False,145
241,Miltank,Normal,Nothing,490,95,80,385,40,70,100,2,False,120
242,Blissey,Normal,Nothing,540,255,10,550,75,135,55,2,False,85
243,Raikou,Electric,Nothing,580,90,85,475,115,100,115,2,True,200
244,Entei,Fire,Nothing,580,115,115,385,90,75,100,2,True,205
245,Suicune,Water,Nothing,580,100,75,575,90,115,85,2,True,165
246,Larvitar,Rock,Ground,300,50,64,250,45,50,41,2,False,109
247,Pupitar,Rock,Ground,410,70,84,350,65,70,51,2,False,149
248,Tyranitar,Rock,Dark,600,100,134,510,95,100,61,2,False,229
249,Lugia,Psychic,Flying,680,106,90,746,90,154,110,2,True,180
250,Ho-oh,Fire,Flying,680,106,130,706,110,154,90,2,True,240
251,Celebi,Psychic,Grass,600,100,100,500,100,100,100,2,False,200
252,Treecko,Grass,Nothing,310,40,45,255,65,55,70,3,False,110
253,Grovyle,Grass,Nothing,405,50,65,305,85,65,95,3,False,150
254,Sceptile,Grass,Nothing,530,70,85,405,105,85,120,3,False,190
255,Torchic,Fire,Nothing,310,45,60,240,70,50,45,3,False,130
256,Combusken,Fire,Fighting,405,60,85,300,85,60,55,3,False,170
257,Blaziken,Fire,Fighting,530,80,120,350,110,70,80,3,False,230
258,Mudkip,Water,Nothing,310,50,70,250,50,50,40,3,False,120
259,Marshtomp,Water,Ground,405,70,85,350,60,70,50,3,False,145
260,Swampert,Water,Ground,535,100,110,450,85,90,60,3,False,195
261,Poochyena,Dark,Nothing,220,35,55,155,30,30,35,3,False,85
262,Mightyena,Dark,Nothing,420,70,90,310,60,60,70,3,False,150
263,Zigzagoon,Normal,Nothing,240,38,30,205,30,41,60,3,False,60
264,Linoone,Normal,Nothing,420,78,70,305,50,61,100,3,False,120
265,Wurmple,Bug,Nothing,195,45,45,155,20,30,20,3,False,65
266,Silcoon,Bug,Nothing,205,50,35,155,25,25,15,3,False,60
267,Beautifly,Bug,Flying,395,60,70,250,100,50,65,3,False,170
268,Cascoon,Bug,Nothing,205,50,35,155,25,25,15,3,False,60
269,Dustox,Bug,Poison,385,60,50,430,50,90,65,3,False,100
270,Lotad,Water,Grass,220,40,30,230,40,50,30,3,False,70
271,Lombre,Water,Grass,340,60,50,330,60,70,50,3,False,110
272,Ludicolo,Water,Grass,480,80,70,470,90,100,70,3,False,160
273,Seedot,Grass,Nothing,220,40,40,170,30,30,30,3,False,70
274,Nuzleaf,Grass,Dark,340,70,70,200,60,40,60,3,False,130
275,Shiftry,Grass,Dark,480,90,100,300,90,60,80,3,False,190
276,Taillow,Normal,Flying,270,40,55,150,30,30,85,3,False,85
277,Swellow,Normal,Flying,430,60,85,260,50,50,125,3,False,135
278,Wingull,Water,Flying,270,40,30,150,55,30,85,3,False,85
279,Pelipper,Water,Flying,430,60,50,380,85,70,65,3,False,135
280,Ralts,Psychic,Fairy,198,28,25,165,45,35,40,3,False,70
281,Kirlia,Psychic,Fairy,278,38,35,255,65,55,50,3,False,100
282,Gardevoir,Psychic,Fairy,518,68,65,525,125,115,80,3,False,190
283,Surskit,Bug,Water,269,40,30,240,50,52,65,3,False,80
284,Masquerain,Bug,Flying,414,70,60,390,80,82,60,3,False,140
285,Shroomish,Grass,Nothing,295,60,40,300,40,60,35,3,False,80
286,Breloom,Grass,Fighting,460,60,130,320,60,60,70,3,False,190
287,Slakoth,Normal,Nothing,280,60,60,200,35,35,30,3,False,95
288,Vigoroth,Normal,Nothing,440,80,80,300,55,55,90,3,False,135
289,Slaking,Normal,Nothing,670,150,160,360,95,65,100,3,False,255
290,Nincada,Bug,Ground,266,31,45,210,30,30,40,3,False,75
291,Ninjask,Bug,Flying,456,61,90,245,50,50,160,3,False,140
292,Shedinja,Bug,Ghost,236,1,90,165,30,30,40,3,False,120
293,Whismur,Normal,Nothing,240,64,51,115,51,23,28,3,False,102
294,Loudred,Normal,Nothing,360,84,71,215,71,43,48,3,False,142
295,Exploud,Normal,Nothing,490,104,91,355,91,73,68,3,False,182
296,Makuhita,Fighting,Nothing,237,72,60,150,20,30,25,3,False,80
297,Hariyama,Fighting,Nothing,474,144,120,300,40,60,50,3,False,160
298,Azurill,Normal,Fairy,190,50,20,200,20,40,20,3,False,40
299,Nosepass,Rock,Nothing,375,30,45,495,45,90,30,3,False,90
300,Skitty,Normal,Nothing,260,50,45,185,35,35,50,3,False,80
301,Delcatty,Normal,Nothing,380,70,65,285,55,55,70,3,False,120
302,Sableye,Dark,Ghost,380,50,75,335,65,65,50,3,False,140
303,Mawile,Steel,Fairy,380,50,85,305,55,55,50,3,False,140
304,Aron,Steel,Rock,330,50,70,260,40,40,30,3,False,110
305,Lairon,Steel,Rock,430,60,90,340,50,50,40,3,False,140
306,Aggron,Steel,Rock,530,70,110,420,60,60,50,3,False,170
307,Meditite,Fighting,Psychic,280,30,40,275,40,55,60,3,False,80
308,Medicham,Fighting,Psychic,410,60,60,375,60,75,80,3,False,120
309,Electrike,Electric,Nothing,295,40,45,200,65,40,65,3,False,110
310,Manectric,Electric,Nothing,475,70,75,300,105,60,105,3,False,180
311,Plusle,Electric,Nothing,405,60,50,340,85,75,95,3,False,135
312,Minun,Electric,Nothing,405,60,40,390,75,85,95,3,False,115
313,Volbeat,Bug,Nothing,400,65,73,355,47,75,85,3,False,120
314,Illumise,Bug,Nothing,400,65,47,355,73,75,85,3,False,120
315,Roselia,Grass,Poison,400,50,60,365,100,80,65,3,False,160
316,Gulpin,Poison,Nothing,302,70,43,265,43,53,40,3,False,86
317,Swalot,Poison,Nothing,467,100,73,415,73,83,55,3,False,146
318,Carvanha,Water,Dark,305,45,90,100,65,20,65,3,False,155
319,Sharpedo,Water,Dark,460,70,120,200,95,40,95,3,False,215
320,Wailmer,Water,Nothing,400,130,70,175,70,35,60,3,False,140
321,Wailord,Water,Nothing,500,170,90,225,90,45,60,3,False,180
322,Numel,Fire,Ground,305,60,60,220,65,45,35,3,False,125
323,Camerupt,Fire,Ground,460,70,100,370,105,75,40,3,False,205
324,Torkoal,Fire,Nothing,470,70,85,420,85,70,20,3,False,170
325,Spoink,Psychic,Nothing,330,60,25,355,70,80,60,3,False,95
326,Grumpig,Psychic,Nothing,470,80,45,505,90,110,80,3,False,135
327,Spinda,Normal,Nothing,360,60,60,300,60,60,60,3,False,120
328,Trapinch,Ground,Nothing,290,45,100,225,45,45,10,3,False,145
329,Vibrava,Ground,Dragon,340,50,70,250,50,50,70,3,False,120
330,Flygon,Ground,Dragon,520,80,100,400,80,80,100,3,False,180
331,Cacnea,Grass,Nothing,335,50,85,200,85,40,35,3,False,170
332,Cacturne,Grass,Dark,475,70,115,300,115,60,55,3,False,230
333,Swablu,Normal,Flying,310,45,40,360,40,75,50,3,False,80
334,Altaria,Dragon,Flying,490,75,70,510,70,105,80,3,False,140
335,Zangoose,Normal,Nothing,458,73,115,300,60,60,90,3,False,175
336,Seviper,Poison,Nothing,458,73,100,300,100,60,65,3,False,200
337,Lunatone,Rock,Psychic,440,70,55,405,95,85,70,3,False,150
338,Solrock,Rock,Psychic,440,70,95,345,55,65,70,3,False,150
339,Barboach,Water,Ground,288,50,48,207,46,41,60,3,False,94
340,Whiscash,Water,Ground,468,110,78,357,76,71,60,3,False,154
341,Corphish,Water,Nothing,308,43,80,205,50,35,35,3,False,130
342,Crawdaunt,Water,Dark,468,63,120,305,90,55,55,3,False,210
343,Baltoy,Ground,Psychic,300,40,40,335,40,70,55,3,False,80
344,Claydol,Ground,Psychic,500,60,70,585,70,120,75,3,False,140
345,Lileep,Rock,Grass,355,66,41,425,61,87,23,3,False,102
346,Cradily,Rock,Grass,495,86,81,525,81,107,43,3,False,162
347,Anorith,Rock,Bug,355,45,95,250,40,50,75,3,False,135
348,Armaldo,Rock,Bug,495,75,125,420,70,80,45,3,False,195
349,Feebas,Water,Nothing,200,20,15,240,10,55,80,3,False,25
350,Milotic,Water,Nothing,540,95,60,579,100,125,81,3,False,160
351,Castform,Normal,Nothing,420,70,70,350,70,70,70,3,False,140
352,Kecleon,Normal,Nothing,440,60,90,550,60,120,40,3,False,150
353,Shuppet,Ghost,Nothing,295,44,75,167,63,33,45,3,False,138
354,Banette,Ghost,Nothing,455,64,115,317,83,63,65,3,False,198
355,Duskull,Ghost,Nothing,295,20,40,450,30,90,25,3,False,70
356,Dusclops,Ghost,Nothing,455,40,70,650,60,130,25,3,False,130
357,Tropius,Grass,Flying,460,99,68,431,72,87,51,3,False,140
358,Chimecho,Psychic,Nothing,425,65,50,390,95,80,65,3,False,145
359,Absol,Dark,Nothing,465,65,130,300,75,60,75,3,False,205
360,Wynaut,Psychic,Nothing,260,95,23,240,23,48,23,3,False,46
361,Snorunt,Ice,Nothing,300,50,50,250,50,50,50,3,False,100
362,Glalie,Ice,Nothing,480,80,80,400,80,80,80,3,False,160
363,Spheal,Ice,Water,290,70,40,250,55,50,25,3,False,95
364,Sealeo,Ice,Water,410,90,60,350,75,70,45,3,False,135
365,Walrein,Ice,Water,530,110,80,450,95,90,65,3,False,175
366,Clamperl,Water,Nothing,345,35,64,305,74,55,32,3,False,138
367,Huntail,Water,Nothing,485,55,104,405,94,75,52,3,False,198
368,Gorebyss,Water,Nothing,485,55,84,405,114,75,52,3,False,198
369,Relicanth,Water,Rock,485,100,90,390,45,65,55,3,False,135
370,Luvdisc,Water,Nothing,330,43,30,315,40,65,97,3,False,70
371,Bagon,Dragon,Nothing,300,45,75,180,40,30,50,3,False,115
372,Shelgon,Dragon,Nothing,420,65,95,300,60,50,50,3,False,155
373,Salamence,Dragon,Flying,600,95,135,400,110,80,100,3,False,245
374,Beldum,Steel,Psychic,300,40,55,320,35,60,30,3,False,90
375,Metang,Steel,Psychic,420,60,75,420,55,80,50,3,False,130
376,Metagross,Steel,Psychic,600,80,135,490,95,90,70,3,False,230
377,Regirock,Rock,Nothing,580,80,100,600,50,100,50,3,True,150
378,Regice,Ice,Nothing,580,80,50,900,100,200,50,3,True,150
379,Registeel,Steel,Nothing,580,80,75,750,75,150,50,3,True,150
380,Latias,Dragon,Psychic,600,80,80,610,110,130,110,3,True,190
381,Latios,Dragon,Psychic,600,80,90,520,130,110,110,3,True,220
382,Kyogre,Water,Nothing,670,100,100,650,150,140,90,3,True,250
383,Groudon,Ground,Nothing,670,100,150,500,100,90,90,3,True,250
384,Rayquaza,Dragon,Flying,680,105,150,450,150,90,95,3,True,300
385,Jirachi,Steel,Psychic,600,100,100,500,100,100,100,3,True,200
386,DeoxysNormal Forme,Psychic,Nothing,600,50,150,250,150,50,150,3,True,300
387,Turtwig,Grass,Nothing,318,55,68,284,45,55,31,4,False,113
388,Grotle,Grass,Nothing,405,75,89,345,55,65,36,4,False,144
389,Torterra,Grass,Ground,525,95,109,445,75,85,56,4,False,184
390,Chimchar,Fire,Nothing,309,44,58,220,58,44,61,4,False,116
391,Monferno,Fire,Fighting,405,64,78,260,78,52,81,4,False,156
392,Infernape,Fire,Fighting,534,76,104,355,104,71,108,4,False,208
393,Piplup,Water,Nothing,314,53,51,277,61,56,40,4,False,112
394,Prinplup,Water,Nothing,405,64,66,372,81,76,50,4,False,147
395,Empoleon,Water,Steel,530,84,86,492,111,101,60,4,False,197
396,Starly,Normal,Flying,245,40,55,150,30,30,60,4,False,85
397,Staravia,Normal,Flying,340,55,75,210,40,40,80,4,False,115
398,Staraptor,Normal,Flying,485,85,120,310,50,60,100,4,False,170
399,Bidoof,Normal,Nothing,250,59,45,200,35,40,31,4,False,80
400,Bibarel,Normal,Water,410,79,85,300,55,60,71,4,False,140
401,Kricketot,Bug,Nothing,194,37,25,205,25,41,25,4,False,50
402,Kricketune,Bug,Nothing,384,77,85,255,55,51,65,4,False,140
403,Shinx,Electric,Nothing,263,45,65,170,40,34,45,4,False,105
404,Luxio,Electric,Nothing,363,60,85,245,60,49,60,4,False,145
405,Luxray,Electric,Nothing,523,80,120,395,95,79,70,4,False,215
406,Budew,Grass,Poison,280,40,30,315,50,70,55,4,False,80
407,Roserade,Grass,Poison,515,60,70,485,125,105,90,4,False,195
408,Cranidos,Rock,Nothing,350,67,125,160,30,30,58,4,False,155
409,Rampardos,Rock,Nothing,495,97,165,260,65,50,58,4,False,230
410,Shieldon,Rock,Steel,350,30,42,470,42,88,30,4,False,84
411,Bastiodon,Rock,Steel,495,60,52,720,47,138,30,4,False,99
412,Burmy,Bug,Nothing,224,40,29,225,29,45,36,4,False,58
413,WormadamPlant Cloak,Bug,Grass,424,60,59,505,79,105,36,4,False,138
414,Mothim,Bug,Flying,424,70,94,250,94,50,66,4,False,188
415,Combee,Bug,Flying,244,30,30,210,30,42,70,4,False,60
416,Vespiquen,Bug,Flying,474,70,80,510,80,102,40,4,False,160
417,Pachirisu,Electric,Nothing,405,60,45,430,45,90,95,4,False,90
418,Buizel,Water,Nothing,330,55,65,155,60,30,85,4,False,125
419,Floatzel,Water,Nothing,495,85,105,255,85,50,115,4,False,190
420,Cherubi,Grass,Nothing,275,45,35,257,62,53,35,4,False,97
421,Cherrim,Grass,Nothing,450,70,60,382,87,78,85,4,False,147
422,Shellos,Water,Nothing,325,76,48,296,57,62,34,4,False,105
423,Gastrodon,Water,Ground,475,111,83,396,92,82,39,4,False,175
424,Ambipom,Normal,Nothing,482,75,100,330,60,66,115,4,False,160
425,Drifloon,Ghost,Flying,348,90,50,210,60,44,70,4,False,110
426,Drifblim,Ghost,Flying,498,150,80,260,90,54,80,4,False,170
427,Buneary,Normal,Nothing,350,55,66,268,44,56,85,4,False,110
428,Lopunny,Normal,Nothing,480,65,76,468,54,96,105,4,False,130
429,Mismagius,Ghost,Nothing,495,60,60,480,105,105,105,4,False,165
430,Honchkrow,Dark,Flying,505,100,125,260,105,52,71,4,False,230
431,Glameow,Normal,Nothing,310,49,55,190,42,37,85,4,False,97
432,Purugly,Normal,Nothing,452,71,82,300,64,59,112,4,False,146
433,Chingling,Psychic,Nothing,285,45,30,250,65,50,45,4,False,95
434,Stunky,Poison,Dark,329,63,63,211,41,41,74,4,False,104
435,Skuntank,Poison,Dark,479,103,93,311,71,61,84,4,False,164
436,Bronzor,Steel,Psychic,300,57,24,430,24,86,23,4,False,48
437,Bronzong,Steel,Psychic,500,67,89,580,79,116,33,4,False,168
438,Bonsly,Rock,Nothing,290,50,80,275,10,45,10,4,False,90
439,Mime Jr.,Psychic,Fairy,310,20,25,405,70,90,60,4,False,95
440,Happiny,Normal,Nothing,220,100,5,265,15,65,30,4,False,20
441,Chatot,Normal,Flying,411,76,65,213,92,42,91,4,False,157
442,Spiritomb,Ghost,Dark,485,50,92,540,92,108,35,4,False,184
443,Gible,Dragon,Ground,300,58,70,225,40,45,42,4,False,110
444,Gabite,Dragon,Ground,410,68,90,285,50,55,82,4,False,140
445,Garchomp,Dragon,Ground,600,108,130,435,80,85,102,4,False,210
446,Munchlax,Normal,Nothing,390,135,85,380,40,85,5,4,False,125
447,Riolu,Fighting,Nothing,285,40,70,200,35,40,60,4,False,105
448,Lucario,Fighting,Steel,525,70,110,350,115,70,90,4,False,225
449,Hippopotas,Ground,Nothing,330,68,72,246,38,42,32,4,False,110
450,Hippowdon,Ground,Nothing,525,108,112,406,68,72,47,4,False,180
451,Skorupi,Poison,Bug,330,40,50,310,30,55,65,4,False,80
452,Drapion,Poison,Dark,500,70,90,410,60,75,95,4,False,150
453,Croagunk,Poison,Fighting,300,48,61,200,61,40,50,4,False,122
454,Toxicroak,Poison,Fighting,490,83,106,325,86,65,85,4,False,192
455,Carnivine,Grass,Nothing,454,74,100,360,90,72,46,4,False,190
456,Finneon,Water,Nothing,330,49,49,300,49,61,66,4,False,98
457,Lumineon,Water,Nothing,460,69,69,420,69,86,91,4,False,138
458,Mantyke,Water,Flying,345,45,20,530,60,120,50,4,False,80
459,Snover,Grass,Ice,334,60,62,290,62,60,40,4,False,124
460,Abomasnow,Grass,Ice,494,90,92,415,92,85,60,4,False,184
461,Weavile,Dark,Ice,510,70,120,405,45,85,125,4,False,165
462,Magnezone,Electric,Steel,535,70,70,475,130,90,60,4,False,200
463,Lickilicky,Normal,Nothing,515,110,85,475,80,95,50,4,False,165
464,Rhyperior,Ground,Rock,535,115,140,350,55,55,40,4,False,195
465,Tangrowth,Grass,Nothing,535,100,100,325,110,50,50,4,False,210
466,Electivire,Electric,Nothing,540,75,123,407,95,85,95,4,False,218
467,Magmortar,Fire,Nothing,540,75,95,447,125,95,83,4,False,220
468,Togekiss,Fairy,Flying,545,85,50,555,120,115,80,4,False,170
469,Yanmega,Bug,Flying,515,86,76,310,116,56,95,4,False,192
470,Leafeon,Grass,Nothing,525,65,110,390,60,65,95,4,False,170
471,Glaceon,Ice,Nothing,525,65,60,490,130,95,65,4,False,190
472,Gliscor,Ground,Flying,510,75,95,425,45,75,95,4,False,140
473,Mamoswine,Ice,Ground,530,110,130,320,70,60,80,4,False,200
474,Porygon-Z,Normal,Nothing,535,85,80,370,135,75,90,4,False,215
475,Gallade,Psychic,Fighting,518,68,125,525,65,115,80,4,False,190
476,Probopass,Rock,Steel,525,60,55,745,75,150,40,4,False,130
477,Dusknoir,Ghost,Nothing,525,45,100,675,65,135,45,4,False,165
478,Froslass,Ice,Ghost,480,70,80,350,80,70,110,4,False,160
479,Rotom,Electric,Ghost,440,50,50,385,95,77,91,4,False,145
480,Uxie,Psychic,Nothing,580,75,75,650,75,130,95,4,True,150
481,Mesprit,Psychic,Nothing,580,80,105,525,105,105,80,4,True,210
482,Azelf,Psychic,Nothing,580,75,125,350,125,70,115,4,True,250
483,Dialga,Steel,Dragon,680,100,120,520,150,100,90,4,True,270
484,Palkia,Water,Dragon,680,90,120,580,150,120,100,4,True,270
485,Heatran,Fire,Steel,600,91,90,530,130,106,77,4,True,220
486,Regigigas,Normal,Nothing,670,110,160,550,80,110,100,4,True,240
487,GiratinaAltered Forme,Ghost,Dragon,680,150,100,600,100,120,90,4,True,200
488,Cresselia,Psychic,Nothing,600,120,70,640,75,130,85,4,False,145
489,Phione,Water,Nothing,480,80,80,400,80,80,80,4,False,160
490,Manaphy,Water,Nothing,600,100,100,500,100,100,100,4,False,200
491,Darkrai,Dark,Nothing,600,70,90,450,135,90,125,4,True,225
492,ShayminLand Forme,Grass,Nothing,600,100,100,500,100,100,100,4,True,200
493,Arceus,Normal,Nothing,720,120,120,600,120,120,120,4,True,240
494,Victini,Psychic,Fire,600,100,100,500,100,100,100,5,True,200
495,Snivy,Grass,Nothing,308,45,45,275,45,55,63,5,False,90
496,Servine,Grass,Nothing,413,60,60,375,60,75,83,5,False,120
497,Serperior,Grass,Nothing,528,75,75,475,75,95,113,5,False,150
498,Tepig,Fire,Nothing,308,65,63,225,45,45,45,5,False,108
499,Pignite,Fire,Fighting,418,90,93,275,70,55,55,5,False,163
500,Emboar,Fire,Fighting,528,110,123,325,100,65,65,5,False,223
501,Oshawott,Water,Nothing,308,55,55,225,63,45,45,5,False,118
502,Dewott,Water,Nothing,413,75,75,300,83,60,60,5,False,158
503,Samurott,Water,Nothing,528,95,100,365,108,70,70,5,False,208
504,Patrat,Normal,Nothing,255,45,55,195,35,39,42,5,False,90
505,Watchog,Normal,Nothing,420,60,85,345,60,69,77,5,False,145
506,Lillipup,Normal,Nothing,275,45,60,225,25,45,55,5,False,85
507,Herdier,Normal,Nothing,370,65,80,325,35,65,60,5,False,115
508,Stoutland,Normal,Nothing,500,85,110,450,45,90,80,5,False,155
509,Purrloin,Dark,Nothing,281,41,50,185,50,37,66,5,False,100
510,Liepard,Dark,Nothing,446,64,88,250,88,50,106,5,False,176
511,Pansage,Grass,Nothing,316,50,53,240,53,48,64,5,False,106
512,Simisage,Grass,Nothing,498,75,98,315,98,63,101,5,False,196
513,Pansear,Fire,Nothing,316,50,53,240,53,48,64,5,False,106
514,Simisear,Fire,Nothing,498,75,98,315,98,63,101,5,False,196
515,Panpour,Water,Nothing,316,50,53,240,53,48,64,5,False,106
516,Simipour,Water,Nothing,498,75,98,315,98,63,101,5,False,196
517,Munna,Psychic,Nothing,292,76,25,265,67,55,24,5,False,92
518,Musharna,Psychic,Nothing,487,116,55,465,107,95,29,5,False,162
519,Pidove,Normal,Flying,264,50,55,170,36,30,43,5,False,91
520,Tranquill,Normal,Flying,358,62,77,230,50,42,65,5,False,127
521,Unfezant,Normal,Flying,488,80,115,300,65,55,93,5,False,180
522,Blitzle,Electric,Nothing,295,45,60,160,50,32,76,5,False,110
523,Zebstrika,Electric,Nothing,497,75,100,315,80,63,116,5,False,180
524,Roggenrola,Rock,Nothing,280,55,75,185,25,25,15,5,False,100
525,Boldore,Rock,Nothing,390,70,105,265,50,40,20,5,False,155
526,Gigalith,Rock,Nothing,515,85,135,450,60,80,25,5,False,195
527,Woobat,Psychic,Flying,313,55,45,215,55,43,72,5,False,100
528,Swoobat,Psychic,Flying,425,67,57,275,77,55,114,5,False,134
529,Drilbur,Ground,Nothing,328,60,85,220,30,45,68,5,False,115
530,Excadrill,Ground,Steel,508,110,135,320,50,65,88,5,False,185
531,Audino,Normal,Nothing,445,103,60,430,60,86,50,5,False,120
532,Timburr,Fighting,Nothing,305,75,80,195,25,35,35,5,False,105
533,Gurdurr,Fighting,Nothing,405,85,105,285,40,50,40,5,False,145
534,Conkeldurr,Fighting,Nothing,505,105,140,355,55,65,45,5,False,195
535,Tympole,Water,Nothing,294,50,50,200,50,40,64,5,False,100
536,Palpitoad,Water,Ground,384,75,65,275,65,55,69,5,False,130
537,Seismitoad,Water,Ground,509,105,95,375,85,75,74,5,False,180
538,Throh,Fighting,Nothing,465,120,100,425,30,85,45,5,False,130
539,Sawk,Fighting,Nothing,465,75,125,375,30,75,85,5,False,155
540,Sewaddle,Bug,Grass,310,45,53,310,40,60,42,5,False,93
541,Swadloon,Bug,Grass,380,55,63,410,50,80,42,5,False,113
542,Leavanny,Bug,Grass,500,75,103,400,70,80,92,5,False,173
543,Venipede,Bug,Poison,260,30,45,215,30,39,57,5,False,75
544,Whirlipede,Bug,Poison,360,40,55,415,40,79,47,5,False,95
545,Scolipede,Bug,Poison,485,60,100,365,55,69,112,5,False,155
546,Cottonee,Grass,Fairy,280,40,27,260,37,50,66,5,False,64
547,Whimsicott,Grass,Fairy,480,60,67,385,77,75,116,5,False,144
548,Petilil,Grass,Nothing,280,45,35,250,70,50,30,5,False,105
549,Lilligant,Grass,Nothing,480,70,60,375,110,75,90,5,False,170
550,Basculin,Water,Nothing,460,70,92,285,80,55,98,5,False,172
551,Sandile,Ground,Dark,292,50,72,175,35,35,65,5,False,107
552,Krokorok,Ground,Dark,351,60,82,225,45,45,74,5,False,127
553,Krookodile,Ground,Dark,519,95,117,360,65,70,92,5,False,182
554,Darumaka,Fire,Nothing,315,70,90,225,15,45,50,5,False,105
555,DarmanitanStandard Mode,Fire,Nothing,480,105,140,275,30,55,95,5,False,170
556,Maractus,Grass,Nothing,461,75,86,335,106,67,60,5,False,192
557,Dwebble,Bug,Rock,325,50,65,225,35,35,55,5,False,100
558,Crustle,Bug,Rock,475,70,95,425,65,75,45,5,False,160
559,Scraggy,Dark,Fighting,348,50,75,350,35,70,48,5,False,110
560,Scrafty,Dark,Fighting,488,65,90,575,45,115,58,5,False,135
561,Sigilyph,Psychic,Flying,490,72,58,400,103,80,97,5,False,161
562,Yamask,Ghost,Nothing,303,38,30,345,55,65,30,5,False,85
563,Cofagrigus,Ghost,Nothing,483,58,50,565,95,105,30,5,False,145
564,Tirtouga,Water,Rock,355,54,78,283,53,45,22,5,False,131
565,Carracosta,Water,Rock,495,74,108,393,83,65,32,5,False,191
566,Archen,Rock,Flying,401,55,112,225,74,45,70,5,False,186
567,Archeops,Rock,Flying,567,75,140,325,112,65,110,5,False,252
568,Trubbish,Poison,Nothing,329,50,50,310,40,62,65,5,False,90
569,Garbodor,Poison,Nothing,474,80,95,410,60,82,75,5,False,155
570,Zorua,Dark,Nothing,330,40,65,200,80,40,65,5,False,145
571,Zoroark,Dark,Nothing,510,60,105,300,120,60,105,5,False,225
572,Minccino,Normal,Nothing,300,55,50,200,40,40,75,5,False,90
573,Cinccino,Normal,Nothing,470,75,95,300,65,60,115,5,False,160
574,Gothita,Psychic,Nothing,290,45,30,310,55,65,45,5,False,85
575,Gothorita,Psychic,Nothing,390,60,45,410,75,85,55,5,False,120
576,Gothitelle,Psychic,Nothing,490,70,55,535,95,110,65,5,False,150
577,Solosis,Psychic,Nothing,290,45,30,240,105,50,20,5,False,135
578,Duosion,Psychic,Nothing,370,65,40,290,125,60,30,5,False,165
579,Reuniclus,Psychic,Nothing,490,110,65,415,125,85,30,5,False,190
580,Ducklett,Water,Flying,305,62,44,250,44,50,55,5,False,88
581,Swanna,Water,Flying,473,75,87,315,87,63,98,5,False,174
582,Vanillite,Ice,Nothing,305,36,50,290,65,60,44,5,False,115
583,Vanillish,Ice,Nothing,395,51,65,365,80,75,59,5,False,145
584,Vanilluxe,Ice,Nothing,535,71,95,465,110,95,79,5,False,205
585,Deerling,Normal,Grass,335,60,60,250,40,50,75,5,False,100
586,Sawsbuck,Normal,Grass,475,80,100,350,60,70,95,5,False,160
587,Emolga,Electric,Flying,428,55,75,300,75,60,103,5,False,150
588,Karrablast,Bug,Nothing,315,50,75,225,40,45,60,5,False,115
589,Escavalier,Bug,Steel,495,70,135,525,60,105,20,5,False,195
590,Foongus,Grass,Poison,294,69,55,265,55,55,15,5,False,110
591,Amoonguss,Grass,Poison,464,114,85,390,85,80,30,5,False,170
592,Frillish,Water,Ghost,335,55,40,390,65,85,40,5,False,105
593,Jellicent,Water,Ghost,480,100,60,490,85,105,60,5,False,145
594,Alomomola,Water,Nothing,470,165,75,260,40,45,65,5,False,115
595,Joltik,Bug,Electric,319,50,47,250,57,50,65,5,False,104
596,Galvantula,Bug,Electric,472,70,77,300,97,60,108,5,False,174
597,Ferroseed,Grass,Steel,305,44,50,435,24,86,10,5,False,74
598,Ferrothorn,Grass,Steel,489,74,94,595,54,116,20,5,False,148
599,Klink,Steel,Nothing,300,40,55,310,45,60,30,5,False,100
600,Klang,Steel,Nothing,440,60,80,435,70,85,50,5,False,150
601,Klinklang,Steel,Nothing,520,60,100,455,70,85,90,5,False,170
602,Tynamo,Electric,Nothing,275,35,55,200,45,40,60,5,False,100
603,Eelektrik,Electric,Nothing,405,65,85,350,75,70,40,5,False,160
604,Eelektross,Electric,Nothing,515,85,115,400,105,80,50,5,False,220
605,Elgyem,Psychic,Nothing,335,55,55,275,85,55,30,5,False,140
606,Beheeyem,Psychic,Nothing,485,75,75,455,125,95,40,5,False,200
607,Litwick,Ghost,Fire,275,50,30,275,65,55,20,5,False,95
608,Lampent,Ghost,Fire,370,60,40,300,95,60,55,5,False,135
609,Chandelure,Ghost,Fire,520,60,55,450,145,90,80,5,False,200
610,Axew,Dragon,Nothing,320,46,87,220,30,40,57,5,False,117
611,Fraxure,Dragon,Nothing,410,66,117,270,40,50,67,5,False,157
612,Haxorus,Dragon,Nothing,540,76,147,370,60,70,97,5,False,207
613,Cubchoo,Ice,Nothing,305,55,70,200,60,40,40,5,False,130
614,Beartic,Ice,Nothing,485,95,110,400,70,80,50,5,False,180
615,Cryogonal,Ice,Nothing,485,70,50,570,95,135,105,5,False,145
616,Shelmet,Bug,Nothing,305,50,40,345,40,65,25,5,False,80
617,Accelgor,Bug,Nothing,495,80,70,280,100,60,145,5,False,170
618,Stunfisk,Ground,Electric,471,109,66,480,81,99,32,5,False,147
619,Mienfoo,Fighting,Nothing,350,45,85,250,55,50,65,5,False,140
620,Mienshao,Fighting,Nothing,510,65,125,300,95,60,105,5,False,220
621,Druddigon,Dragon,Nothing,485,77,120,450,60,90,48,5,False,180
622,Golett,Ground,Ghost,303,59,74,250,35,50,35,5,False,109
623,Golurk,Ground,Ghost,483,89,124,400,55,80,55,5,False,179
624,Pawniard,Dark,Steel,340,45,85,230,40,40,60,5,False,125
625,Bisharp,Dark,Steel,490,65,125,380,60,70,70,5,False,185
626,Bouffalant,Normal,Nothing,490,95,110,475,40,95,55,5,False,150
627,Rufflet,Normal,Flying,350,70,83,250,37,50,60,5,False,120
628,Braviary,Normal,Flying,510,100,123,375,57,75,80,5,False,180
629,Vullaby,Dark,Flying,370,70,55,335,45,65,60,5,False,100
630,Mandibuzz,Dark,Flying,510,110,65,485,55,95,80,5,False,120
631,Heatmor,Fire,Nothing,484,85,97,330,105,66,65,5,False,202
632,Durant,Bug,Steel,484,58,109,304,48,48,109,5,False,157
633,Deino,Dark,Dragon,300,52,65,250,45,50,38,5,False,110
634,Zweilous,Dark,Dragon,420,72,85,350,65,70,58,5,False,150
635,Hydreigon,Dark,Dragon,600,92,105,450,125,90,98,5,False,230
636,Larvesta,Bug,Fire,360,55,85,275,50,55,60,5,False,135
637,Volcarona,Bug,Fire,550,85,60,485,135,105,100,5,False,195
638,Cobalion,Steel,Fighting,580,91,90,417,90,72,108,5,True,180
639,Terrakion,Rock,Fighting,580,91,129,450,72,90,108,5,True,201
640,Virizion,Grass,Fighting,580,91,90,588,90,129,108,5,True,180
641,TornadusIncarnate Forme,Flying,Nothing,580,79,115,390,125,80,111,5,True,240
642,ThundurusIncarnate Forme,Electric,Flying,580,79,115,390,125,80,111,5,True,240
643,Reshiram,Dragon,Fire,680,100,120,580,150,120,90,5,True,270
644,Zekrom,Dragon,Electric,680,100,150,520,120,100,90,5,True,270
645,LandorusIncarnate Forme,Ground,Flying,600,89,125,410,115,80,101,5,True,240
646,Kyurem,Dragon,Ice,660,125,130,450,130,90,95,5,True,260
647,KeldeoOrdinary Forme,Water,Fighting,580,91,72,450,129,90,108,5,False,201
648,MeloettaAria Forme,Normal,Psychic,600,100,77,589,128,128,90,5,False,205
649,Genesect,Bug,Steel,600,71,120,475,120,95,99,5,False,240
650,Chespin,Grass,Nothing,313,56,61,245,48,45,38,6,False,109
651,Quilladin,Grass,Nothing,405,61,78,327,56,58,57,6,False,134
652,Chesnaught,Grass,Fighting,530,88,107,422,74,75,64,6,False,181
653,Fennekin,Fire,Nothing,307,40,45,280,62,60,60,6,False,107
654,Braixen,Fire,Nothing,409,59,59,338,90,70,73,6,False,149
655,Delphox,Fire,Psychic,534,75,69,472,114,100,104,6,False,183
656,Froakie,Water,Nothing,314,41,56,216,62,44,71,6,False,118
657,Frogadier,Water,Nothing,405,54,63,276,83,56,97,6,False,146
658,Greninja,Water,Dark,530,72,95,351,103,71,122,6,False,198
659,Bunnelby,Normal,Nothing,237,38,36,182,32,36,57,6,False,68
660,Diggersby,Normal,Ground,423,85,56,385,50,77,78,6,False,106
661,Fletchling,Normal,Flying,278,45,50,195,40,38,62,6,False,90
662,Fletchinder,Fire,Flying,382,62,73,263,56,52,84,6,False,129
663,Talonflame,Fire,Flying,499,78,81,347,74,69,126,6,False,155
664,Scatterbug,Bug,Nothing,200,38,35,140,27,25,35,6,False,62
665,Spewpa,Bug,Nothing,213,45,22,180,27,30,29,6,False,49
666,Vivillon,Bug,Flying,411,80,52,250,90,50,89,6,False,142
667,Litleo,Fire,Normal,369,62,50,274,73,54,72,6,False,123
668,Pyroar,Fire,Normal,507,86,68,336,109,66,106,6,False,177
669,Flabébé,Fairy,Nothing,303,44,38,355,61,79,42,6,False,99
670,Floette,Fairy,Nothing,371,54,45,439,75,98,52,6,False,120
671,Florges,Fairy,Nothing,552,78,65,684,112,154,75,6,False,177
672,Skiddo,Grass,Nothing,350,66,65,276,62,57,52,6,False,127
673,Gogoat,Grass,Nothing,531,123,100,386,97,81,68,6,False,197
674,Pancham,Fighting,Nothing,348,67,82,254,46,48,43,6,False,128
675,Pangoro,Fighting,Dark,495,95,124,362,69,71,58,6,False,193
676,Furfrou,Normal,Nothing,472,75,80,420,65,90,102,6,False,145
677,Espurr,Psychic,Nothing,355,62,48,294,63,60,68,6,False,111
678,MeowsticMale,Psychic,Nothing,466,74,48,400,83,81,104,6,False,131
679,Honedge,Steel,Ghost,325,45,80,248,35,37,28,6,False,115
680,Doublade,Steel,Ghost,448,59,110,346,45,49,35,6,False,155
681,AegislashBlade Forme,Steel,Ghost,520,60,150,250,150,50,60,6,False,300
682,Spritzee,Fairy,Nothing,341,78,52,320,63,65,23,6,False,115
683,Aromatisse,Fairy,Nothing,462,101,72,428,99,89,29,6,False,171
684,Swirlix,Fairy,Nothing,341,62,48,294,59,57,49,6,False,107
685,Slurpuff,Fairy,Nothing,480,82,80,386,85,75,72,6,False,165
686,Inkay,Dark,Psychic,288,53,54,237,37,46,45,6,False,91
687,Malamar,Dark,Psychic,482,86,92,388,68,75,73,6,False,160
688,Binacle,Rock,Water,306,42,52,291,39,56,50,6,False,91
689,Barbaracle,Rock,Water,500,72,105,459,54,86,68,6,False,159
690,Skrelp,Poison,Water,320,50,60,300,60,60,30,6,False,120
691,Dragalge,Poison,Dragon,494,65,75,582,97,123,44,6,False,172
692,Clauncher,Water,Nothing,330,50,53,314,58,63,44,6,False,111
693,Clawitzer,Water,Nothing,500,71,73,444,120,89,59,6,False,193
694,Helioptile,Electric,Normal,289,44,38,205,61,43,70,6,False,99
695,Heliolisk,Electric,Normal,481,62,55,428,109,94,109,6,False,164
696,Tyrunt,Rock,Dragon,362,58,89,257,45,45,48,6,False,134
697,Tyrantrum,Rock,Dragon,521,82,121,355,69,59,71,6,False,190
698,Amaura,Rock,Ice,362,77,59,302,67,63,46,6,False,126
699,Aurorus,Rock,Ice,521,123,77,440,99,92,58,6,False,176
700,Sylveon,Fairy,Nothing,525,95,65,585,110,130,60,6,False,175
701,Hawlucha,Fighting,Flying,500,78,92,327,74,63,118,6,False,166
702,Dedenne,Electric,Fairy,431,67,58,325,81,67,101,6,False,139
703,Carbink,Rock,Fairy,500,50,50,750,50,150,50,6,False,100
704,Goomy,Dragon,Nothing,300,45,50,335,55,75,40,6,False,105
705,Sliggoo,Dragon,Nothing,452,68,75,505,83,113,60,6,False,158
706,Goodra,Dragon,Nothing,600,90,100,670,110,150,80,6,False,210
707,Klefki,Steel,Fairy,470,57,80,439,80,87,75,6,False,160
708,Phantump,Ghost,Grass,309,43,70,288,50,60,38,6,False,120
709,Trevenant,Ghost,Grass,474,85,110,404,65,82,56,6,False,175
710,PumpkabooAverage Size,Ghost,Grass,335,49,66,290,44,55,51,6,False,110
711,GourgeistAverage Size,Ghost,Grass,494,65,90,422,58,75,84,6,False,148
712,Bergmite,Ice,Nothing,304,55,69,225,32,35,28,6,False,101
713,Avalugg,Ice,Nothing,514,95,117,368,44,46,28,6,False,161
714,Noibat,Flying,Dragon,245,40,30,195,45,40,55,6,False,75
715,Noivern,Flying,Dragon,535,85,70,400,97,80,123,6,False,167
716,Xerneas,Fairy,Nothing,680,126,131,487,131,98,99,6,True,262
717,Yveltal,Dark,Flying,680,126,131,487,131,98,99,6,True,262
718,Zygarde50% Forme,Dragon,Ground,600,108,100,501,81,95,95,6,True,181
719,Diancie,Rock,Fairy,600,50,100,750,100,150,50,6,True,200
720,HoopaHoopa Confined,Psychic,Ghost,600,80,110,580,150,130,70,6,True,260
721,Volcanion,Fire,Water,600,80,110,480,130,90,70,6,True,240
